Sl.No,Project Code,Project Name,Agency,State,Date of Approval (MM/YYYY),Start Date (MM/YYYY),Original DoC (MM/YYYY),Revised DoC (MM/YYYY),Original Cost (Rs. Crore),Revised Cost (Rs. Crore),Cumulative Expenditure (Rs. Crore),Physical Progress (%),Sector
800,618254,Construction of Paderu bypass Km 0000 to Km 13000 of 2- lane with paved shoulder an NH-516E,MORTH,Andhra Pradesh,03/2023,01/2025,07/2026,-,244.43,244.43,2.14,3,Roads & Highways
801,618255,Two laning with paved shoulders of Lambasingi to Paderusection of NH 516E,MORTH,Andhra Pradesh,04/2020,11/2023,11/2025,-,361.24,358.05,77.68,23,Roads & Highways
802,618256,"Rehabilitation and Upgradation to 2-lane with paved should ders Sir, configuration of Chaprathipalem to Lambasingi section Km 165500 to Km 205000 of NH-516E in the State of Andhra Pradesh under Green National Highways Corridor Project GNHCP with the loan assistance of World Bank on EPC mode",MORTH,Andhra Pradesh,08/2020,10/2022,10/2024,-,311.22,311.22,172.01,76,Roads & Highways
803,616257,Rehabilitation and Upgradation to 2-lane with paved shoulders configuration of Koyyuru to Chaprathipalem section Km 120000 to Km 165500 of NH-516E in the State of Andhra Pradesh under Green National Highways Corridor Project GNHCP with the loan assistance of World Bank on EPC mode,MORTH,Andhra Pradesh,08/2020,07/2022,07/2024,10/2025,349.29,349.29,221.52,86,Roads & Highways
804,618258,Two laning with paved shoulders of Gondiguda to Araku uptoBhallaguda section of NH 516E,MORTH,Andhra Pradesh,08/2020,09/2021,09/2023,04/2024,296.66,289.11,237.52,91,Roads & Highways
805,618259,Two laning with paved shoulders of Paderu to GundigudaSection of NH 516E,MORTH,Andhra Pradesh,08/2020,03/2021,03/2023,03/2024,222.61,222.61,122.52,100,Roads & Highways
806,618412,Construction of i Connecting Road from Z-Morh Tunnel to Zojila Tunnel Road Length 18.475km and ii 14.150 Km long 2-L Bidirectional -single tube Zoji-la Tunnel across Zojila Pass on Sonamarg Kargil section from Km 82 to Km 118 of NH-01 under PMDP,NHIDCL,Andhra Pradesh,01/2018,10/2020,09/2026,12/2027,6808.69,6808.69,3147.58,66,Roads & Highways
807,618475,Bangalore Chennai Expressway Phase-II Pkg-Il from km.96.000 to Km 127.000 Baireddypalle to Bangarupalem section,National Highways Authority of India [NHAI],Andhra Pradesh,02/2021,06/2023,06/2025,06/2026,2548.04,2548.04,1079.15,83,Roads & Highways
808,618476,Bangalore Chennai Expressway Phase-II Pkg-III from km. 127.000 to Km 156.000 Bangarupalem to Gudipala section,National Highways Authority of India [NHAI],Andhra Pradesh,11/2020,10/2022,10/2024,-,1407.33,1407.33,675.57,99,Roads & Highways
809,618525,Construction of flyover at Gammon Junction at Km.903.265 on NH16 including vent at Diwancheruvu junction at Km.902.308 Blackspot ID No.AP03299 in Andhra Pradesh on EPC mode under NHO,National Highways Authority of India [NHAI],Andhra Pradesh,03/2025,10/2025,10/2027,-,326.61,223.29,5.34,4,Roads & Highways
810,618527,Six Laning of Vijayawada Bypass from Gollapudi to Chinnakakani in Vijayawada - Gundugolanu Section from km. 30.00 to km. 47.881 Pkg-IV,National Highways Authority of India [NHAI],Andhra Pradesh,01/2020,07/2021,01/2024,-,1194.57,1757.82,683.12,98,Roads & Highways
811,618579,6L of Anandapuram Pendurthi Anakapalli Section from km. 681.000 to km. 731.780 of NH-16,National Highways Authority of India [NHAI],Andhra Pradesh,01/2018,01/2019,07/2021,01/2020,2527,2957.25,123.42,99,Roads & Highways
812,618700,Renigunta Poyya - Naidupeta km 124.60 to km 183.4 of NH 71,National Highways Authority of India [NHAI],Andhra Pradesh,03/2020,01/2022,01/2024,10/2024,1863.09,2510.14,1336.5,98,Roads & Highways
813,618712,6L Access Controlled Greenfield Highway from Kodur Ch. 0000 to Vanavolu Ch. 24300 of [NH-544G] Package-1,National Highways Authority of India [NHAI],Andhra Pradesh,01/2023,02/2024,02/2026,-,912.94,798.25,300.71,81,Roads & Highways
814,618713,6L Access Controlled Greenfield Highway from Yerragudipadu Ch. 129000 to Audireddipalle Ch. 160000 of [NH 544G] Package-6,National Highways Authority of India [NHAI],Andhra Pradesh,02/2023,02/2024,02/2026,-,1200.42,1019.69,178.28,26,Roads & Highways
815,618714,6L Access Controlled Greenfield Highway from Nallacheruvu palli Ch. 96300 to Yerragudipadu Ch. 129000 of  NH-544G] Package-5,National Highways Authority of India [NHAI],Andhra Pradesh,02/2022,02/2024,02/2026,-,1253.26,1095.78,255.75,45,Roads & Highways
816,618715,6L Access Controlled Greenfield Highway from Odulapalle Ch. 72000 to Nallacheruvu- palli Ch. 96300 of [NH-544G]Package-4,National Highways Authority of India [NHAI],Andhra Pradesh,01/2023,02/2024,02/2026,-,1058.9,946.1,328.75,66,Roads & Highways
817,618716,6L Access Controlled Greenfield Highway from Vankarakunta Ch. 45700 to Odulapalle Ch. 72000 of [NH-544G]Package-3,National Highways Authority of india [NHAI],Andhra Pradesh,12/2022,03/2024,03/2026,-,992.91,888.07,279.55,67,Roads & Highways
818,618717,6L Access Controlled Greenfield Highway from Vanavolu Ch. 24300 to Vankarakunta Ch. 45700 of  NH-544G) Package-2,National Highways Authority of India [NHAI],Andhra Pradesh,01/2023,03/2024,03/2026,-,750.81,626.91,203.14,76,Roads & Highways
819,618718,6L Access Controlled Greenfield Highway from Kavulakuntla Ch. 196000 to Narayanmpet Ch. 203500Package-09,National Highways Authority of India [NHAI],Andhra Pradesh,02/2023,02/2025,02/2027,-,1092.18,956.4,118.56,20,Roads & Highways
820,618719,6L Access Controlled Greenfield Highway from Mallapalle Ch. 176000 to Kavulakuntla Ch. 196000 Package-08,National Highways Authority of India [NHAI],Andhra Pradesh,02/2023,02/2024,02/2026,-,909.02,751.81,225.97,45,Roads & Highways
821,618720,6L Access Controlled Greenfield Highway from Audireddipalle Ch. 160000 to Mallapalle Ch. 176000Package-07,National Highways Authority of India [NHAI],Andhra Pradesh,02/2023,03/2024,03/2026,-,987.1,848.06,254.31,57,Roads & Highways
822,618721,6L Access Controlled Greenfield Highway from Chandrasekharapuram Ch. 228000 to Polavaram Ch. 260000of  NH-544G] Package-11,National Highways Authority of India  NHAI,Andhra Pradesh,02/2023,02/2024,02/2026,07/2026,1292.65,1110.33,255.86,48,Roads & Highways
823,618748,Khammam-Devarapalle Pkg IV [4L Access Controlled Greenfield from Recheria to Gurvaygudem village Design Chainage 105236 to 132664),National Highways Authority of India [NHAI],Andhra Pradesh,11/2020,09/2022,09/2024,05/2025,569.37,752.02,322.23,100,Roads & Highways
824,618749,Khammam-Devarapalle Pkg V [4L Access Controlled Greenfield from Gurvaygudem village to Devarapalle village Design Chainage 132664 to 162126,National Highways Authority of India [NHAI],Andhra Pradesh,12/2020,09/2022,09/2024,06/2025,711.94,926.48,376.2,95,Roads & Highways
825,618759,4L PS Mydukur Badvel from Km 585.820 to Km 630.960 of NH-67,National Highways Authority of India [NHAI],Andhra Pradesh,05/2022,09/2023,09/2025,-,1063.57,1103.87,467.68,90,Roads & Highways
826,618777,4L to from Km 55.900 to Km 92.800 & Km of Pileru Kalur Section 94.500 to Km 95.717 of NH-71Package-II,National Highways Authority of india [NHAI],Andhra Pradesh,03/2022,10/2023,11/2025,-,1877.47,592.85,245.99,98,Roads & Highways
827,618778,4L of Madanapalle to Pileru Section from Km 0.000 to Km 55.900 of NH-71Package-I,National Highways Authority of India [NHAI],Andhra Pradesh,02/2022,01/2023,01/2025,06/2025,1877.47,1994.1,1104.54,94,Roads & Highways
828,618803,Development of 4L Road from Samarlakota to Achampeta Junction as part of Kakinada Port Connectivity to NH-16 Rajanagaram Junction in East Godavari District,National Highways Authority of India [NHAI],Andhra Pradesh,09/2022,08/2023,08/2025,-,645.63,750.2,557.23,84,Roads & Highways
829,618804,Dedicated Port road to Krishnapatnam Port Package-I from Km. 0.000 to Km. 18.000.,National Highways Authority of India [NHAIJ,Andhra Pradesh,03/2018,12/2018,12/2020,-,348.72,341.36,59.91,75,Roads & Highways
830,618807,"4L Greenfield Road corinecting North and South industrial cluster of Khandaleru Creek near Krishnapatnam port at Thamminapatnam to Mollur from Km 0.0 to Km 16.046. Part 1 & 6L extension of dedicated port road of NH-67 Km 18.0 to Km 19.3, Part II",National Highways Authority of India [NHAI],Andhra Pradesh,08/2022,09/2023,09/2025,-,609.43,559.98,425.92,73,Roads & Highways
831,618826,4 Laning of NH-544D from Km 0.000 to km 37.000 of Anantapur- Muchukota section Pkg-1,National Highways Authority of India [NHAI],Andhra Pradesh,10/2022,07/2023,07/2025,-,907.76,905.98,411.28,91,Roads & Highways
832,618827,4 Laning of NH-544D from Km 37.000 to km 69.000 of Muchukota-Bugga section Pkg-2,National Highways Authority of India [NHAI],Andhra Pradesh,10/2022,08/2023,08/2025,-,1097.57,1055.23,320.17,70,Roads & Highways
833,618919,4L PS from Mandiem Existing Km. 38.000/Design Km.30.600 to Atmakur Existing Km.73.000/Design Km 66.115 of NH340C Package2,National Highways Authority of India [NHAI ,Andhra Pradesh,03/2023,11/2023,11/2025,-,887.28,913.03,374.39,99,Roads & Highways
834,619076,Six Laning of Vijayawada Bypass from Chinna Avutapalli to Gollapudi in Vijayawada - Gundugolanu Section from km. 0.00 to km. 30.00 Pkg-III,National Highways Authority of India [NHAI],Andhra Pradesh,01/2020,02/2021,02/2023,03/2024,1581.24,1883.71,580.31,98,Roads & Highways
835,619111,6L Jakkuva Korlam Section of NH-130CD Road from km 396.800 to km 421.100 Pkg 2,National Highways Authority of India [NHAI],Andhra Pradesh,02/2021,03/2022,03/2024,07/2024,840.51,840.51,404.58,99,Roads & Highways
836,619112,6L Kantakapalle Sabbavaram Section of NH-130CD Road from Km 445.100 to Km 464.662 Pkg-4,National Highways Authority of india [NHAI],Andhra Pradesh,02/2021,10/2022,10/2024,-,1012.57,1012.57,507.81,80,Roads & Highways
837,619123,6L Access Controlled Greenfield Highway from Narayanimpet Ch. 203500 to Chandrasekharpuram Ch. 228000Package-10,National Highways Authority of India [NHAI ,Andhra Pradesh,02/2023,02/2024,02/2026,06/2026,813.66,678.21,167.64,52,Roads & Highways
838,618724,6L Access Controlled Greenfield Highway from Polavaram Ch. 260000 to Marripudi Ch. 285500 of  NH-544G]Package-12,National Highways Authority of India [NHAI],Andhra Pradesh,02/2023,02/2024,02/2026,05/2026,747.29,626.83,178.76,60,Roads & Highways
839,618725,61 Access Controlled Greenfield Highway from Somavarappadu Ch.314.600 to Muppavaram Ch.343240 of [NH-544G] Package-14,National Highways Authority of India [NHAI],Andhra Pradesh,02/2023,02/2024,02/2026,05/2026,1103.9,943.66,161.56,35,Roads & Highways
840,618726,6L Access Controlled Greenfield Highway from Marripudi Ch. 285500 to Somavarappadu Ch. 314600 of [NH-544G] Package-13,National Highways Authority of India [NHAI],Andhra Pradesh,02/2023,02/2024,02/2026,-,976.41,798.71,259.72,68,Roads & Highways
841,619140,6L of Naidupeta Junction Turpukanupur Section from km 57.046 to km 91.927,National Highways Authority of India [NHAI],Andhra Pradesh,08/2022,10/2023,10/2025,-,1398.84,965.58,225.55,35,Roads & Highways
842,619141,Construction of four lane access controlled highway from Chillakuru cross road to Turpu KanupurPart 1 of Package II km 0.000 131.500 of NH-16 to km 23.770 on New NH-516W including sixlane flyover and approaches on NH-16 length km 1.050 and six lane access controlled from TurpuKanupur to Port South Gate Part 2 of Package II km 23.770 to km 35.015 on New NH-516W inthe state of Andhra Pradesh on HAM Mode under Bharatmala Pariyojana Phase I,National Highways Authority of India [NHAI],Andhra Pradesh,08/2022,12/2023,12/2025,-,864.2,844.39,259.02,46,Roads & Highways
843,619160,Balance works in AP Portion and punch list items in TN & AP portion of NH-205,National Highways Authority of India [NHAIJ,Andhra Pradesh,10/2022,07/2023,01/2025,-,166.52,113.46,97.5,100,Roads & Highways
844,617892,Construction of 2-lane road of Potin to Pangin section of NH-13 from Km 163.59 to Km 206.66 Package-5 on EPC Mode in the State of Arunachal Pradesh under Arunachal Pradesh Package of Roads and Highways of SARDP-NE  Job No SARDP-NE/P- P/Pkg-A/NH-13/Ar.Pr./PWD/2018-19/116],MORTH,Arunachal Pradesh,03/2019,11/2020,11/2023,07/2024,450.65,450.65,303.39,96,Roads & Highways
845,618033,4-Laning of Itanagar to Bandardewa section of NH-415from km 40430 to km 51735 Package-Bon EPC Mode in the state of Arunachal Pradesh Job NO. 415/Ar. P/2020- 21/031,MORTH,Arunachal Pradesh,06/2020,12/2021,12/2024,-,496.47,496.47,153.63,48,Roads & Highways
846,618401,"Construction of Intermediate Lane with Hard Shoulder of Hunli to Hayuliang Package- III from design Km 60.000 to Km 121.500 Design Length 61.500 km, Greenfield Section of Frontier Highway NH-913 in the State of Arunachal Pradesh on EPC Mode Pkg-3",NHIDCL,Arunachal Pradesh,02/2024,07/2025,07/2028,-,1418.67,1418.67,0,1,Roads & Highways
847,618402,"Construction of Intermediate Lane with Hard Shoulder of Hunli to Hayuliang from Design Km 0.000 to Km 53.000 Design Length 53.000 km, Greenfield Section of Frontier Highway NH-913 in the State of Arunachal Pradesh on EPC Mode Package-",NHIDCL,Arunachal Pradesh,02/2024,03/2025,02/2028,-,1262.43,1262.43,171.26,10,Roads & Highways
848,618403,Construction of intermediate Lane Road with hard shoulder from design Km 0.000 to Km 17.387 Total length 17.387 km of Hunli to Ithun Bridge section on NH-913 Frontier Highway in State of Arunachal Pradesh on EPC made under NHO-NE,NHIDCL,Arunachal Pradesh,02/2024,01/2025,01/2027,-,275.5,275.5,0,22,Roads & Highways
849,618405,"Construction of intermediate Lane of Pango to Jorging Road from 0000 to Design Km Design Km 40000 Design Length 40.00 Km, Pkg-1, Greenfield Alignment in the State of Arunachal Pradesh on EPC mode Pkg-1",NHIDCL,Arunachal Pradesh,01/2024,01/2025,07/2027,-,898.19,898.19,0,27,Roads & Highways
850,618424,Construction of 2-Laning with hard shoulders of Hayuliang Hawai bypass Road on EPC basis from design Km. 51.825 to Km. 63.131 Existing Km 45.050 of HayuliangHawai road to Hawai Town under SARDP-NE -Balance work Pkg - IV,NHIDCL,Arunachal Pradesh,01/2017,05/2021,05/2023,07/2026,256.66,216.76,0,93,Roads & Highways
851,618432,Construction of Balance work of 2-Lane with PS of Joram-Koloriang Road NH-713 on EPC basis from Design Km 44.989 to Km 61.547 Existing Km 50.050 to Km 70.000 in the state of Arunachal Pradesh under SARDP-NE Pkg-3,NHIDCL,Arunachal Pradesh,02/2017,10/2020,04/2022,07/2023,228.72,228.72,0,99,Roads & Highways
852,618433,Construction of Balance work of 2-Lane with PS of Joram Koloriang Road from existing Km122.600 to km138.00 [Design Km108.724 to Km123.714] in Arunachal Pradesh on EPC Mode under SARDP-NE Pkg-7,NHIDCL,Arunachal Pradesh,02/2017,10/2020,04/2022,07/2023,184.89,184.89,0,98,Roads & Highways
853,618434,Roing-Hunli Road Greenfield Alignment Project,NHIDCL,Arunachal Pradesh,02/2017,03/2018,03/2022,04/2025,1718.59,1718.59,0,77,Roads & Highways
854,617895,Construction of Mangaldoi Bypass NH-15 starting at Ch 26400 and terminating at Ch 41505 under Rangia NH Division L 15.105 Km in the State of Assam. Job No. 15/AS/2021-22/234,MORTH,Assam,03/2022,04/2023,04/2025,-,535.03,535.03,104.57,61,Roads & Highways
855,617896,"Construction of 4 lane Gauripur Bypass Starting bfrom Km 852.56 of NH- 31 Dumardoha Pt-ll and Terminating at Km 862.17 Baladmara via. Khudimari Pt-II, Fulkuman, Charaldanga, Sajuakuti, Geramari Pt.-III and finally meeting at km 862.17 of NH-17New/NH-310ld in the State of Assam under EPC Mode Job no. 31/AS/2023- 24/265",MORTH,Assam,03/2024,04/2025,10/2026,-,421.15,421.15,0,10,Roads & Highways
856,618034,Construction of 2 lane Barpeta Bypass from Km 77900Baradi to Km 86150 Deurikuchi Length 8.25Km on NH-427 in the state of Assam under EPC ModeJob No.427/AS/2022-23/245,MORTH,Assam,03/2023,02/2025,08/2026,-,173.65,173.65,4.87,17,Roads & Highways
857,618159,"Construction of new 2 Lane with paved shoulders of NH Standards from km 0.080 to km 11.690 L11.610 km in Majuli and from km 19.715 to km 27,484 L 7,769 km in Jorhat on the newly declared NH 715K and construction of 1.10 km flyover on NH-715 with its approaches and service roads L1.10 km, Total Length 20.479 km in the State of Assam Job No. 715K/AS/2023-24/256",MORTH,Assam,02/2024,09/2025,03/2027,-,382.1,382.1,19.45,0,Roads & Highways
858,618150,"Construction of 2 lane Major Bridge including approaches over Brahmaputra between Majuli on North Bank and Jorhat on South Bank from km. 11.690 to km. 19.715 length of bridge 6,812.5m Package - II on NH-715K in the state of Assam Job no. 715/AS/2020-21/213",MORTH,Assam,03/2025,12/2025,12/2027,-,1019.17,1019.17,0,0,Roads & Highways
859,618282,4-L Bilasipara-Guwahati Package-10,NHIDCL,Assam,03/2023,12/2023,06/2026,-,1264.9,1264.9,383.37,46,Roads & Highways
860,618283,4-L Bilasipara-Guwahati Package-9,NHIDCL,Assam,03/2023,12/2023,06/2026,-,1000.27,1000.27,322.08,45,Roads & Highways
861,618284,Widening/Improvement to 4-Lane with paved shoulder from Km 99930 to Km 143680 Design Chainage 96000 to 139750 of Paikan to Dhupdhara Sahar of Bilasipura- Guwahati Road on NH-17 in the state of Assam on EPC mode under Bharatmala Parlyojana in Economic Corridors Project Length 43.750km under NHO-NE Package- 8,NHIDCL,Assam,03/2023,12/2023,12/2026,-,1457.59,1457.59,706.76,71,Roads & Highways
862,618285,Widening/Improvement to 4 -Lane with Paved Shoulder from Ch. 88.000km to Ch.99.930 km Design Ch.84.100km to Ch.96.000 km of Sagunbashi forest near Nichinta to starting of Krishnai Bypass Section of Bilasipura Guwahati road NH 17 on EPC Package-7,NHIDCL,Assam,03/2021,10/2023,10/2025,-,286.72,286.72,178.97,100,Roads & Highways
863,618286,Construction of New 2-Lane Bridge with its approaches from km 0000 to Km. 4385 across River Brahmaputra on NH-17 at Jogighopa in Assam on EPC mode,NHIDCL,Assam,09/2021,11/2021,11/2024,06/2026,746.76,746.76,384.62,74,Roads & Highways
864,618287,"Widening/Improvement to 4-Lane with paved Shoulder from Ch. 25.633 Km to Ch. 52.470 Km Design Ch. 21.850 Km to Ch.48.670 Km for Package-2 of Bilasipura- Guwahati road NH-17 Section Near Mowatari, before Chapar Bypass to Tulungia junction with NH-17 in the state of Assam on HAM mode under NHO-NE Package-2",NHIDCL,Assam,11/2023,12/2024,06/2027,-,1338.61,1338.61,0,8,Roads & Highways
865,618288,"Widening/Improvement to 4-Lane with Paved Shoulder from Ch.5.580 Km to Ch.25.633 Km Design Ch.0.000 Km to Ch.17.737km Km 901.100 to Km 921.145 of old NH-31 of Bilasipara- Guwahati road NH-17 Section Near Chirakuta to near Mowataribefore , Chapar Bypass in the state of Assam on HAM mode Package-1",NHIDCL,Assam,02/2024,02/2025,08/2027,-,1081.15,1081.15,0,11,Roads & Highways
866,618289,Construction and up gradation to 4-Lane of existing two lane with paved shoulder from. Hapachara to Tulungia road of NH-117 of existing Km 0.00 to km 14.050 and Design Km 0.000 to km. 14.660 under BMP on EPC mode,NHIDCL,Assam,03/2020,06/2020,12/2022,06/2024,224.85,224.85,204.19,97,Roads & Highways
867,618308,Construction of 4-Lane Panchgram Bypass from Design Chainage km 15500 on NH- 37 Old NH-53 at Kalinagar Pt.- Village to Design Chainage km 27300 at crossing with NH-6 Old NH-44 Near Siddeswar Pt.-I Village on Silchar - Churaibari stretch in the State of Assam on EPC Mode under Bharatmala Pariyojana in Economic Corridors Silchar-Churaibari Package-2,NHIDCL,Assam,03/2023,08/2024,02/2027,-,676.18,728.97,0,46,Roads & Highways
868,618309,Widening/Improvement to 4-Laning and Greenfield alignment with Paved shoulder of Silchar-Badarpur Churaibari section of NH-37 & NH-8 from Design chainage 38.600 End point of proposed Badarpur Bypass to Km. 62.800 Start point of proposed Nilambazar/Cheragi Bypass in the state of Assam on HAM Mode Package-4,NHIDCL,Assam,02/2024,08/2025,08/2027,-,1319.55,1319.55,0,0,Roads & Highways
869,618312,Widening/Improvement to 4-Lane with Paved Shoulder from existing road and Greenfield alignment form Design Ch. 62.800 start of proposed Nilambazar/Cheragi Bypass to Design Ch. 87.700 near Chandkhira Village of NH-8 on Silchar-Churaibari in the state of Assam on HAM Mode Package-5,NHIDCL,Assam,02/2024,04/2025,10/2027,-,1258.13,1258.13,0,6,Roads & Highways
870,618313,Widening/Improvement of Existing 2 lane to 4-Laning of Karimganj-Silchar section of NH-37 from Design Ch 0.000 near Silchar ISBT to Design Ch 15.970 near Kalinagar Pt 1 on NH-37 in Assam on HAM Mode Pkg-1,NHIDCL,Assam,03/2024,09/2025,09/2027,-,1181.55,1181.55,0,0,Roads & Highways
871,618314,4-Laning of Dhanehari Lailapur/Vairengte section from Existing Chainage km 12920 to km 43000 of NH 306 Design Chainage km 20000 to km 49360 on Silchar - Vairengte Sairang road in the State of Assam under Bharatmala Pariyojna on EPC mode. Project Length 29.360 km under NHO-NE Package-2,NHIDCL,Assam,03/2023,02/2024,08/2026,-,1716.21,1716.21,848.23,79,Roads & Highways
872,618315,4-Laning of Silchar - Dhanehari section from Existing Chainage km 263800 of NH 37 to km 12920 of NH 306 Design Chainage km 0000 to km 20000 on Silchar Vairengte Sairang road in the State of Assam under Bharatmala Pariyojna on EPC mode Package-1,NHIDCL,Assam,02/2023,01/2024,07/2026,-,1256.9,1256.9,0,0,Roads & Highways
873,618325,Dillai to Lahorijan Package-7,NHIDCL,Assam,11/2021,01/2023,07/2024,12/2025,204.1,204.1,0,0,Roads & Highways
874,618326,Widening/Improvement to 4-Lane with Paved Shoulder from KM 38500 to Km 51246 Design Chainage 38500 to 50959 with proposed Daboka Bypass of Daboka- Parokhaowa of NH 29 on EPC under NHO-NE Package-1,NHIDCL,Assam,01/2023,11/2023,11/2025,-,516.88,516.88,0,92,Roads & Highways
875,618327,Widening/Improvement to 4-Lane with Paved Shoulder from KM 113300 to Km 146230 Design Chainage 113830 to 145712 of Kwaram Taro Village Dillai Section in Assam on EPC Package-6,NHIDCL,Assam,09/2021,07/2022,07/2024,03/2025,625.64,625.64,0,0,Roads & Highways